{
  "n_total": 167,
  "event_rate_total": 0.4311377245508982,
  "repeats": 50,
  "test_size": 0.2,
  "metrics": {
    "roc_auc": {
      "n": 50,
      "mean": 0.5426666666666667,
      "std": 0.09022169303865876,
      "ci95_low": 0.5176584892512222,
      "ci95_high": 0.5676748440821113
    },
    "pr_auc": {
      "n": 50,
      "mean": 0.5602232205135779,
      "std": 0.08730101790124517,
      "ci95_low": 0.5360246129426941,
      "ci95_high": 0.5844218280844616
    },
    "brier": {
      "n": 50,
      "mean": 0.2618036606761307,
      "std": 0.029167633004363862,
      "ci95_low": 0.2537188052894206,
      "ci95_high": 0.2698885160628408
    },
    "acc": {
      "n": 50,
      "mean": 0.5505882352941176,
      "std": 0.0871360093903578,
      "ci95_low": 0.5264353657489386,
      "ci95_high": 0.5747411048392966
    }
  }
}