{
  "n_total": 161,
  "event_rate_total": 0.4472049689440994,
  "repeats": 50,
  "test_size": 0.2,
  "metrics": {
    "roc_auc": {
      "n": 50,
      "mean": 0.6284074074074074,
      "std": 0.08181287826958822,
      "ci95_low": 0.6057300345303838,
      "ci95_high": 0.6510847802844311
    },
    "pr_auc": {
      "n": 50,
      "mean": 0.6032517929173006,
      "std": 0.08420493033187844,
      "ci95_low": 0.5799113770364719,
      "ci95_high": 0.6265922087981293
    },
    "brier": {
      "n": 50,
      "mean": 0.24378715025617584,
      "std": 0.024239960292471375,
      "ci95_low": 0.23706817605916417,
      "ci95_high": 0.2505061244531875
    },
    "acc": {
      "n": 50,
      "mean": 0.6254545454545455,
      "std": 0.06206047077907334,
      "ci95_low": 0.6082522605997926,
      "ci95_high": 0.6426568303092983
    }
  }
}