{
  "roc_auc": 0.7157894736842105,
  "pr_auc": 0.6870781330430453,
  "brier": 0.2118478133767201,
  "event_rate_test": 0.4411764705882353,
  "n_test": 34
}