{
  "n_total": 161,
  "event_rate_total": 0.4472049689440994,
  "repeats": 50,
  "test_size": 0.2,
  "metrics": {
    "roc_auc": {
      "n": 50,
      "mean": 0.6300000000000001,
      "std": 0.07800330833350044,
      "ci95_low": 0.6083785860351796,
      "ci95_high": 0.6516214139648207
    },
    "pr_auc": {
      "n": 50,
      "mean": 0.6232593311318705,
      "std": 0.08319335840489024,
      "ci95_low": 0.6001993086837805,
      "ci95_high": 0.6463193535799605
    },
    "brier": {
      "n": 50,
      "mean": 0.25559808259479444,
      "std": 0.03623706401711476,
      "ci95_low": 0.24555368090565163,
      "ci95_high": 0.2656424842839373
    },
    "acc": {
      "n": 50,
      "mean": 0.6084848484848484,
      "std": 0.06387005416972465,
      "ci95_low": 0.5907809727049279,
      "ci95_high": 0.6261887242647689
    }
  }
}